id,title,estimatedValue,entity_id,procurement_type_id,procurement_type,entity,sector,deadline,financial_year
91714,"Purchase of ICT Equipment and Consumables( Desktop computers, Projector & Projector pointers, Multipurpose Printers, Photocopier, computer sets & Laptops, CCTV IP Cameras, Digital Projection Display Screen for All departments)",255008000,617.0,1.0,Supplies,Entebbe Municipal Council,Municipal,2024-11-13 00:00:00,2024-2025
91718,"Purchase of google chromecasts for wireless network switches, Inverter/ UPS for the network switches , WI_FI Routers /Network Switches",255008000,617.0,1.0,Supplies,Entebbe Municipal Council,Municipal,2024-11-13 00:00:00,2024-2025
91722,Procurement of a consultant to Undertake Property Evaluation within  the Municipality,622366119,617.0,4.0,Consultancy Services,Entebbe Municipal Council,Municipal,2024-11-13 00:00:00,2024-2025
91723,Consultancy Services for implementing a computerised mass valuation of ratable aqnd a GIS-based signage framework for Entebbe Municipal Council,622366119,617.0,4.0,Consultancy Services,Entebbe Municipal Council,Municipal,2024-11-13 00:00:00,2024-2025
91724,Purchase and installation of ARCGIS system And Equipments,53809000,617.0,1.0,Supplies,Entebbe Municipal Council,Municipal,2024-11-13 00:00:00,2024-2025
91663,Provision of mobile Value - Added Services under framework contract,112000000,478.0,2.0,Non-Consultancy Services,Uganda Revenue Authority,Accountability,2024-11-11 00:00:00,2024-2025
91660,Supply of motor vehicles and motorcycles,6832423800,478.0,1.0,Supplies,Uganda Revenue Authority,Accountability,2024-11-08 00:00:00,2024-2025
91692,Proposed Remedial Works at URA Tower - Phase 1 (Auditorium),1770000000,478.0,3.0,Works,Uganda Revenue Authority,Accountability,2024-11-06 00:00:00,2024-2025
91657,Provision of drinking water to URA Offices under framework Contract,100000000,478.0,2.0,Non-Consultancy Services,Uganda Revenue Authority,Accountability,2024-11-04 00:00:00,2024-2025
91664,Acquisition of Internal Audit Management System,2000600000,478.0,2.0,Non-Consultancy Services,Uganda Revenue Authority,Accountability,2024-11-04 00:00:00,2024-2025
91673,Supply of Network Equipment for URA Offices under Framework Contract,1028541690,478.0,1.0,Supplies,Uganda Revenue Authority,Accountability,2024-11-04 00:00:00,2024-2025
91761,Diaries,41655300,467.0,1.0,Supplies,Insurance Regulatory Authority,"Lands, Housing and Urban Development",2024-11-04 00:00:00,2024-2025
91721,CONSTRUCTION OF THE NCHE MAIN OFFICE BUILDING,25495458733,420.0,3.0,Works,National Council for Higher Education,Education,2024-10-30 00:00:00,2024-2025
91668,Supply of wheeled garbage bins for URA Offices under framework,20000000,478.0,1.0,Supplies,Uganda Revenue Authority,Accountability,2024-10-25 00:00:00,2024-2025
91589,provision of 10  tractors and matching implements,1000000000,417.0,1.0,Supplies,National Agricultural Advisory Services,Agriculture,2024-10-25 00:00:00,2024-2025
91653,Renovation of Administration blocks at the District Headquarters,793000000,642.0,3.0,Works,Nebbi District Local Government,local government,2024-10-24 00:00:00,2024-2025
91613,SUPPLY OF ASSORTED STATIONERY UNDER FRAMEWORK CONTRACT FOR A PERIOD OF 18 MONTHS.,561769800,433.0,1.0,Supplies,National Water & Sewerage Corporation,Water and Environment,2024-10-24 00:00:00,2024-2025
91643,"Supply, installation and commissioning of generators at URA Offices in Padea, Koboko, Pakwach and Busitema",300000000,478.0,1.0,Supplies,Uganda Revenue Authority,Accountability,2024-10-24 00:00:00,2024-2025
91561,Supply and delivery of seven(07) Double cabin pickups and three(03) station wagons under GoU,1581480000,426.0,1.0,Supplies,National Environment Management Authority,Water and Environment,2024-10-21 00:00:00,2024-2025
91562,Supply and Delivery of four(04) double cabin pickups under Mt. Elgon project,611904157,426.0,1.0,Supplies,National Environment Management Authority,Water and Environment,2024-10-21 00:00:00,2024-2025
91715,Rehabilitation of 4.5km Kiwafu road,19596357963,617.0,3.0,Works,Entebbe Municipal Council,Municipal,2024-10-18 00:00:00,2024-2025
91627,Supply of Branded Corporate Wear,30726000,467.0,1.0,Supplies,Insurance Regulatory Authority,"Lands, Housing and Urban Development",2024-10-18 00:00:00,2024-2025
91626,Tshirts for public awareness,14160000,467.0,1.0,Supplies,Insurance Regulatory Authority,"Lands, Housing and Urban Development",2024-10-17 00:00:00,2024-2025
91716,Provision of  Consultancy Services for Supervision of Kiwafu Road,1000000000,617.0,4.0,Consultancy Services,Entebbe Municipal Council,Municipal,2024-10-16 00:00:00,2024-2025
91717,Consultancy services for Supervision of Environment and Social safeguards for construction and Upgrade of Selected Roads in Entebbe Municipal Council and Makindye Ssabagabo Municipal Council,800000000,617.0,4.0,Consultancy Services,Entebbe Municipal Council,Municipal,2024-10-16 00:00:00,2024-2025
91801,Drilling of borehole and installation of submersible solar power pump at Mutukula OSBP,80000000,478.0,3.0,Works,Uganda Revenue Authority,Accountability,2024-10-14 00:00:00,2024-2025
91808,Construction of Sports Complex Phase 3,114000000,478.0,3.0,Works,Uganda Revenue Authority,Accountability,2024-10-14 00:00:00,2024-2025
91614,SUPPLY OF ASSORTED FITTINGS FOR O&M.,244000000,433.0,1.0,Supplies,National Water & Sewerage Corporation,Water and Environment,2024-10-14 00:00:00,2024-2025
91703,Renovation Of  DHOs Stores,20000000,642.0,3.0,Works,Nebbi District Local Government,local government,2024-10-08 00:00:00,2024-2025
91704,Supply of 45 3 Seater Wooden Desks to Kulekule P/S and Nyipir P/S,10260000,642.0,1.0,Supplies,Nebbi District Local Government,local government,2024-10-08 00:00:00,2024-2025
91705,SUPPLY OF 2 LAPTOP COMPUTERS TO ENGINEERING DEPARTMENT,6000000,642.0,1.0,Supplies,Nebbi District Local Government,local government,2024-10-08 00:00:00,2024-2025
91712,SUPPLY OF 135 kVA DIESEL GENERATOR FOR UPGRADE AT MAKINDYE AND MBUYA BOOSTER STATIONS WPD,200000000,433.0,1.0,Supplies,National Water & Sewerage Corporation,Water and Environment,2024-10-07 00:00:00,2024-2025
91617,SUPPLY OF ASSORTED STATIONERY UNDER RESERVATION SCHEME.,135120384,433.0,1.0,Supplies,National Water & Sewerage Corporation,Water and Environment,2024-10-07 00:00:00,2024-2025
91730,Supply and Installation of Air Conditioner for Irec,90372049,433.0,1.0,Supplies,National Water & Sewerage Corporation,Water and Environment,2024-10-04 00:00:00,2024-2025
91732,Supply and Installation of Air Conditioner for Irec Pacific Hall,150622187,433.0,1.0,Supplies,National Water & Sewerage Corporation,Water and Environment,2024-10-04 00:00:00,2024-2025
91766,Gumboot for KW staff,65000000,433.0,1.0,Supplies,National Water & Sewerage Corporation,Water and Environment,2024-10-04 00:00:00,2024-2025
91775,Pipe laying works for deepening exposed pipe sections in the central zone,49524600,433.0,3.0,Works,National Water & Sewerage Corporation,Water and Environment,2024-10-04 00:00:00,2024-2025
91778,Pipe laying works for deepening exposed pipe sections in Eastern zone,49524600,433.0,3.0,Works,National Water & Sewerage Corporation,Water and Environment,2024-10-04 00:00:00,2024-2025
91564,Renovation of Staff House at Bwambara HC ,38194830,561.0,3.0,Works,Rukungiri District Local Government,local government,2024-10-03 00:00:00,2024-2025
91565,Face lifting of Bunono HCII,16418166,561.0,3.0,Works,Rukungiri District Local Government,local government,2024-10-03 00:00:00,2024-2025
91566,Construction works at Bikurungu Centinary P/S,190036640,561.0,3.0,Works,Rukungiri District Local Government,local government,2024-10-03 00:00:00,2024-2025
91689,SUPPLY OF A LAPTOP FOR CAD,6000000,433.0,1.0,Supplies,National Water & Sewerage Corporation,Water and Environment,2024-10-02 00:00:00,2024-2025
91693,Additional partition for Registry and Manager's office at Staff Compliance Office,12000000,478.0,3.0,Works,Uganda Revenue Authority,Accountability,2024-10-02 00:00:00,2024-2025
91647,Supply and installation of hand driers for URA Washrooms,70800000,478.0,1.0,Supplies,Uganda Revenue Authority,Accountability,2024-10-02 00:00:00,2024-2025
91696,Office Partitioning works at URA Tower and NIP Building,320000000,478.0,3.0,Works,Uganda Revenue Authority,Accountability,2024-10-01 00:00:00,2024-2025
91739,Upgrade of NIP water system,25000000,478.0,3.0,Works,Uganda Revenue Authority,Accountability,2024-10-01 00:00:00,2024-2025
91748,SUPPLY OF ASSORTED FITTINGS.,668706000,433.0,1.0,Supplies,National Water & Sewerage Corporation,Water and Environment,2024-10-01 00:00:00,2024-2025
91800,Supply of tax education racks,12095000,478.0,1.0,Supplies,Uganda Revenue Authority,Accountability,2024-10-01 00:00:00,2024-2025
91602,SUPPLY OF ASSORTED FITTINGS.,668706000,433.0,1.0,Supplies,National Water & Sewerage Corporation,Water and Environment,2024-10-01 00:00:00,2024-2025
91604,SUPPLY OF ASSORTED STEEL PIPES UNDER FRAMEWORK CONTRACT FOR A PERIOD OF 18 MONTHS.,8999600000,433.0,1.0,Supplies,National Water & Sewerage Corporation,Water and Environment,2024-10-01 00:00:00,2024-2025
91605,SUPPLY OF ASSORTED PE & UPVC PIPES UNDER FRAMEWORK CONTRACT FOR A PERIOD OF EIGHTEEN (18) MONTHS.,19337340217,433.0,1.0,Supplies,National Water & Sewerage Corporation,Water and Environment,2024-10-01 00:00:00,2024-2025
91648,"DRILLING, DEVELOPMENT AND CONSTRUCTION OF ONE PRODUCTION BOREHOLE IN LUUKA-IGANGA",77000000,433.0,3.0,Works,National Water & Sewerage Corporation,Water and Environment,2024-09-30 00:00:00,2024-2025
91733,Supply of Cement for Kanungu,57000000,433.0,1.0,Supplies,National Water & Sewerage Corporation,Water and Environment,2024-09-30 00:00:00,2024-2025
91747,SUPPLY OF ASSORTED FITTINGS FOR O&M UNDER RESERVATION SCHEME.,54870000,433.0,1.0,Supplies,National Water & Sewerage Corporation,Water and Environment,2024-09-30 00:00:00,2024-2025
91769,"MOLDED CASE CIRCUIT BREAKERS 250A, 400A. 630A AND 800A - WPD",32700000,433.0,1.0,Supplies,National Water & Sewerage Corporation,Water and Environment,2024-09-30 00:00:00,2024-2025
91694,Supply of PROSONIC T FMU30 Ultrasonic Sensors for the Screens at NWWTP under Reservation Scheme.,45000000,433.0,1.0,Supplies,National Water & Sewerage Corporation,Water and Environment,2024-09-27 00:00:00,2024-2025
91701,SUPPLY OF PORTABLE MULTI-GAS DETECTORS OF MAINTENANCE SECTION IN SSD UNDER RESERVATION SCHEME,36000000,433.0,1.0,Supplies,National Water & Sewerage Corporation,Water and Environment,2024-09-27 00:00:00,2024-2025
91702,Supply of Assorted Copper Winding Wire for Motor Repairs/Rewinding -WPD under Reservation Scheme.,90000000,433.0,1.0,Supplies,National Water & Sewerage Corporation,Water and Environment,2024-09-27 00:00:00,2024-2025
91749,Provision of radio advertising services with Mbabule FM for a period of 18 months,39420000,433.0,2.0,Non-Consultancy Services,National Water & Sewerage Corporation,Water and Environment,2024-09-27 00:00:00,2024-2025
91776,SUPPLY OF TRANSFORMER OIL FOR 1600VA TRANSFORMERS AT NWWTP AND KINAWATAKA PLANT,5040000,433.0,1.0,Supplies,National Water & Sewerage Corporation,Water and Environment,2024-09-27 00:00:00,2024-2025
91789,Supply of 139.7mm*500mm Phosphorous bronze solid rods,54000000,433.0,1.0,Supplies,National Water & Sewerage Corporation,Water and Environment,2024-09-27 00:00:00,2024-2025
91790,Supply of 1.5kw motors for Kinawataka Plant blowers,9000000,433.0,1.0,Supplies,National Water & Sewerage Corporation,Water and Environment,2024-09-27 00:00:00,2024-2025
91349,Upgradingof  Bukasa Sentema- Kakiri (12.17km) to paved standards,69309756584,567.0,3.0,Works,Wakiso DLG,District,2024-09-27 00:00:00,2024-2025
91350,Upgradingof  Kisozi- Kitemu road (4.5km) and Nagalabi Spur (2km),38521259731,567.0,3.0,Works,Wakiso DLG,District,2024-09-27 00:00:00,2024-2025
91352,Consultancy services for supervision of environment and social safeguards (Upgradingof  Bukasa Sentema- Kakiri (12.17km) to paved standards and Kisozi- Kitemu road (4.5km) and Nagalabi Spur (2km),4207130660,567.0,4.0,Consultancy Services,Wakiso DLG,District,2024-09-27 00:00:00,2024-2025
91638,Supply and installation of vertical blinds for Tax Academy Office on 2nd Floor - Short Tower,12177600,478.0,1.0,Supplies,Uganda Revenue Authority,Accountability,2024-09-27 00:00:00,2024-2025
91763,SUPPLY OF MECHANICAL SEALS FOR NAMASUBA PUMPS,39828100,433.0,1.0,Supplies,National Water & Sewerage Corporation,Water and Environment,2024-09-26 00:00:00,2024-2025
91353,Consultancy Services for Supervision of Construction and Upgrade of Selected Roads in Kampala Capital City Authority: Packages 1&2,10172139062,517.0,4.0,Consultancy Services,Kampala Capital City Authority,Works and Transport,2024-09-26 00:00:00,2024-2025
91364,Consultancy Services for the Supervision of Environmental and Social Safeguards on Construction and Upgrade of Selected Roads in Kampala Capital City Authority (Lots 1 â€“ 5),5672480000,517.0,4.0,Consultancy Services,Kampala Capital City Authority,Works and Transport,2024-09-26 00:00:00,2024-2025
91637,Supply of T-Shirts for Recruitment Team,9381000,478.0,1.0,Supplies,Uganda Revenue Authority,Accountability,2024-09-26 00:00:00,2024-2025
91649,DESIGN AND PRINT OF 2025 CALENDARS,94500000,433.0,1.0,Supplies,National Water & Sewerage Corporation,Water and Environment,2024-09-25 00:00:00,2024-2025
91685,SUPPLY AND INSTALLATION OF ACCESS CONTROL SYSTEM FOR THE CONTROL ROOM AND SERVER ROOM AT NWWTP,10000000,433.0,1.0,Supplies,National Water & Sewerage Corporation,Water and Environment,2024-09-25 00:00:00,2024-2025
91351,Construction and Upgrade of Selected Roads in Kampala Capital City Authority:  LOTS 1/2/3/4/5,157937364656,517.0,3.0,Works,Kampala Capital City Authority,Works and Transport,2024-09-25 00:00:00,2024-2025
91486,Rehabilitation of  Nyakatare GFS in Kyanamira Sub-County,60000000,624.0,3.0,Works,Kabale District Local Government,local government,2024-09-23 00:00:00,2024-2025
91488,Construction of 5-Stance VIP Latrine at Kabirago P/S in Rubaya S/C,25000000,624.0,3.0,Works,Kabale District Local Government,local government,2024-09-23 00:00:00,2024-2025
91490,Construction of a Four classrooms block at Mulungu Public P/S,180000000,624.0,3.0,Works,Kabale District Local Government,local government,2024-09-23 00:00:00,2024-2025
91491,Construction of communal tank in Butanda Sub-county of 50CM at Rugyenyi Mushenyi Village in Butanda SC,50000,624.0,3.0,Works,Kabale District Local Government,local government,2024-09-23 00:00:00,2024-2025
91492,Construction Of Communal Tank In Butanda Sub-County Of 50CM At Nyamiyonga PS Katete Butanda S/C,70361396,624.0,3.0,Works,Kabale District Local Government,local government,2024-09-23 00:00:00,2024-2025
91494,"Construction of 3 protected water springs at Bugoto, Nyamiyaga, Mugyera villages",16000000,624.0,3.0,Works,Kabale District Local Government,local government,2024-09-23 00:00:00,2024-2025
91513,Construction of 5-Stance VIP Latrine at  Rwesasi P/S in  Kaharo S/C,25000000,624.0,3.0,Works,Kabale District Local Government,local government,2024-09-23 00:00:00,2024-2025
91514,Construction of 5-Stance VIP Latrine at Rutare P/S in Kibuga S/C,25000000,624.0,3.0,Works,Kabale District Local Government,local government,2024-09-23 00:00:00,2024-2025
91515,Construction of 5-Stance VIP Latrine at Rwanyana P/S in Ryakarimira TC,25000000,624.0,3.0,Works,Kabale District Local Government,local government,2024-09-23 00:00:00,2024-2025
91516,Construction of 5-stance VIP Latrines at Nyamiryango P/S in Butanda S/C,25000000,624.0,3.0,Works,Kabale District Local Government,local government,2024-09-23 00:00:00,2024-2025
91517,Construction of 5-stance VIP Latrine at Bugomora P/S in Kyanamira S/C.,25000000,624.0,3.0,Works,Kabale District Local Government,local government,2024-09-23 00:00:00,2024-2025
91518,Construction of 5-stance VIP Latrines at Buhara P/S and Kabanyonyi PS in Buhara S/C.,50000000,624.0,3.0,Works,Kabale District Local Government,local government,2024-09-23 00:00:00,2024-2025
91519,Construction of 5-stance VIP Latrines at Kakomo P/S and Renovation of Kiyumba Subcounty Rukiiko Hall in Kitumba S/C,38000000,624.0,3.0,Works,Kabale District Local Government,local government,2024-09-23 00:00:00,2024-2025
91520,Construction of 5-stance VIP Latrine at Rushabo P/S in Kahungye  S/C and Mukarangye PS in Katuna TC,50000000,624.0,3.0,Works,Kabale District Local Government,local government,2024-09-23 00:00:00,2024-2025
91521,Construction of 5-stance VIP Latrines at Kagunga P/S in Maziba S/C and kyobugombe PS in Kaharo SC,50000000,624.0,3.0,Works,Kabale District Local Government,local government,2024-09-23 00:00:00,2024-2025
91706,SUPPLY OF PIT SAND FOR CONSTRUCTION OF KANUNGU AREA OFFICE CONSTRUCTION,8400000,433.0,1.0,Supplies,National Water & Sewerage Corporation,Water and Environment,2024-09-20 00:00:00,2024-2025
91710,SUPPLY OF MURRUAM FOR KANUNGU AREA,5500000,433.0,1.0,Supplies,National Water & Sewerage Corporation,Water and Environment,2024-09-20 00:00:00,2024-2025
91780,SSD PURCHASE OF CHEMICAL AND LEATHER GLOVES,10000000,433.0,1.0,Supplies,National Water & Sewerage Corporation,Water and Environment,2024-09-20 00:00:00,2024-2025
91734,SUPPLY AND DELIVERY OF HAND PALLET TRUCKS FOR PRINTERY,15000000,472.0,1.0,Supplies,Uganda National Examinations Board,Education,2024-09-19 00:00:00,2024-2025
91642,Provision of branding services for the URA Gayaza Service Center,40473168,478.0,2.0,Non-Consultancy Services,Uganda Revenue Authority,Accountability,2024-09-18 00:00:00,2024-2025
91760,SUPPLY AND DELIVERY OF ASSORTED MANILLA BOARDS FOR PRINTERY,72000000,472.0,1.0,Supplies,Uganda National Examinations Board,Education,2024-09-17 00:00:00,2024-2025
91781,SUPPLY AND DELIVERY OF BLANKETS AND SHEET SEPARATORS FOR RYOBI-RMGT-5 COLOR PRINTERY MACHINE,27000000,472.0,1.0,Supplies,Uganda National Examinations Board,Education,2024-09-17 00:00:00,2024-2025
91707,SUPPLY OF GREASE FOR STATIC PLANT REPAIRS AND MANTAINANCE,8960000,433.0,1.0,Supplies,National Water & Sewerage Corporation,Water and Environment,2024-09-16 00:00:00,2024-2025
91782,Supply of Assorted electrical materials,12655000,433.0,1.0,Supplies,National Water & Sewerage Corporation,Water and Environment,2024-09-16 00:00:00,2024-2025
91534,Events Management Services for the Kampala Metropolitan Ground Breaking,12080014,462.0,2.0,Non-Consultancy Services,Uganda Electricity Transmission Company,Energy and Mineral Development,2024-09-16 00:00:00,2024-2025
91611,printing of Tourism Sector Review Booklets,26932500,481.0,1.0,Supplies,Uganda Wildlife Authority,Tourism,2024-09-16 00:00:00,2024-2025
91635,Printing of Tourism Sector Review Booklets,26932500,481.0,1.0,Supplies,Uganda Wildlife Authority,Tourism,2024-09-16 00:00:00,2024-2025
91788,Supply of Assorted Sundries for Quarter One in the Financial Year 2024/2025,11675000,448.0,1.0,Supplies,Public Service commission,uncategorised,2024-09-12 00:00:00,2024-2025
91592,Supply and installation of solar security lights,6600000,424.0,1.0,Supplies,National Drug Authority,Health,2024-09-10 00:00:00,2024-2025
91639,Supply of branded promotional items for Compliance Division,26100000,478.0,1.0,Supplies,Uganda Revenue Authority,Accountability,2024-09-10 00:00:00,2024-2025
91675,supply of desktop and Laptop computers for PDU,5000000,433.0,1.0,Supplies,National Water & Sewerage Corporation,Water and Environment,2024-09-09 00:00:00,2024-2025
91737,SUPPLY AND DELIVERY OF PRE-PRESS COMPUTER CONSUMABLES FOR PRINTERY,19200000,472.0,1.0,Supplies,Uganda National Examinations Board,Education,2024-09-09 00:00:00,2024-2025
91601,SUPPLY OF TWO DESKTOPS AND ONE LAPTOP COMPUTERS FOR PDU,8500000,433.0,1.0,Supplies,National Water & Sewerage Corporation,Water and Environment,2024-09-09 00:00:00,2024-2025
91151,Supply of Surveillance Boats,3890000000,478.0,1.0,Supplies,Uganda Revenue Authority,Accountability,2024-09-06 21:00:00,2024-2025
91699,SUPPLY OF MILD STEEL WELDING RODS FOR STATIC PLANT REPAIRS & MAINTENANCE UNDER RESERVATION SCHEME,36000000,433.0,1.0,Supplies,National Water & Sewerage Corporation,Water and Environment,2024-09-06 00:00:00,2024-2025
91713,SUPPLY OF RODDING STICKS FOR O&M,155479632,433.0,1.0,Supplies,National Water & Sewerage Corporation,Water and Environment,2024-09-06 00:00:00,2024-2025
91476,Workshops conferences & seminars,28532400,386.0,2.0,Non-Consultancy Services,Makerere University Business School,Education,2024-09-05 00:00:00,2024-2025
91477,Answer Booklets,165000000,386.0,1.0,Supplies,Makerere University Business School,Education,2024-09-05 00:00:00,2024-2025
91754,SUPPLY AND DELIVERY OF WEB OFFSET BLANKETS FOR RONALD WEB OFFSET PRINTERY MACHINES,60000000,472.0,1.0,Supplies,Uganda National Examinations Board,Education,2024-09-05 00:00:00,2024-2025
91785,SUPPLY AND DELIVERY OF MULTI-FUNCTIONAL PRINTER FOR THE DIRECTORATE OF EXAMINATIONS,10000000,472.0,1.0,Supplies,Uganda National Examinations Board,Education,2024-09-05 00:00:00,2024-2025
91791,SUPPLY AND DELIVERY OF SPARE PARTS FOR TRENDSETTER TS800 CTP NEW MACHINE,26078000,472.0,1.0,Supplies,Uganda National Examinations Board,Education,2024-09-05 00:00:00,2024-2025
91736,SUPPLY AND DELIVERY OF LAPTOPS AND EXTERNAL HARD DRIVE FOR INTERNAL AUDIT AND DE,34000000,472.0,1.0,Supplies,Uganda National Examinations Board,Education,2024-09-04 00:00:00,2024-2025
91738,REPAIR OF MOTOR VEHICLE UBE 665W,5238020,472.0,2.0,Non-Consultancy Services,Uganda National Examinations Board,Education,2024-09-04 00:00:00,2024-2025
91774,SUPPLY OF MILK (WPD)FOR 06 MONTH,57000000,433.0,1.0,Supplies,National Water & Sewerage Corporation,Water and Environment,2024-09-04 00:00:00,2024-2025
91546,SERVICE OF PLOTTERS AND AO SCANNER AT KYAMBOGO,12000000,472.0,2.0,Non-Consultancy Services,Uganda National Examinations Board,Education,2024-09-04 00:00:00,2024-2025
91549,"SERVICE, REPAIR AND REPLACEMENT OF SPARE PARTS FOR RISO MACHINE IN THE PRINTERY",14055000,472.0,2.0,Non-Consultancy Services,Uganda National Examinations Board,Education,2024-09-04 00:00:00,2024-2025
91588,Supply and Delivery of Promotional materials with information on drug and substance abuse.,19452500,424.0,1.0,Supplies,National Drug Authority,Health,2024-09-04 00:00:00,2024-2025
91337,Construction of (2) two classroom blck at Gombe Kayunga PS in Wakiso TC and Kanzize PS in Masuliita TC,800000000,567.0,3.0,Works,Wakiso DLG,District,2024-09-04 00:00:00,2024-2025
91338,Construction of Teachers' Hose wit a (2) stance latrine at Wampeewo PS in Kasangati TC,805000000,567.0,3.0,Works,Wakiso DLG,District,2024-09-04 00:00:00,2024-2025
91339,Phased construction of Kajjansi Administration Block,250000000,567.0,3.0,Works,Wakiso DLG,District,2024-09-04 00:00:00,2024-2025
91348,Purchase of a double cabin pickup ,200000000,567.0,1.0,Supplies,Wakiso DLG,District,2024-09-04 00:00:00,2024-2025
91684,SUPPLY OF ACCESS CONTROL FINGERPRIT TERMINAL AT KATOSI,6000000,433.0,1.0,Supplies,National Water & Sewerage Corporation,Water and Environment,2024-09-03 00:00:00,2024-2025
91783,specifications for 3M full face gas masks for WPD,8500000,433.0,1.0,Supplies,National Water & Sewerage Corporation,Water and Environment,2024-09-03 00:00:00,2024-2025
91794,Supply of Substation Safety Cabinets,10620000,462.0,1.0,Supplies,Uganda Electricity Transmission Company,Energy and Mineral Development,2024-09-03 00:00:00,2024-2025
91809,Supply of IP Desk Phones,33973503,462.0,1.0,Supplies,Uganda Electricity Transmission Company,Energy and Mineral Development,2024-09-03 00:00:00,2024-2025
91810,Supply and Delivery of Assorted Dirty Water Surface Mount Water Pumps,53100000,462.0,1.0,Supplies,Uganda Electricity Transmission Company,Energy and Mineral Development,2024-09-03 00:00:00,2024-2025
91304,"Supply of Office tea utensils, kitchenware and office Equipment under Framework Contract",208500000,478.0,1.0,Supplies,Uganda Revenue Authority,Accountability,2024-09-03 00:00:00,2024-2025
91816,Supply and Delivery of Assorted Materials for Fabrication of Gratings,33520000,462.0,1.0,Supplies,Uganda Electricity Transmission Company,Energy and Mineral Development,2024-09-03 00:00:00,2024-2025
91661,medium Spring construction,37500000,642.0,3.0,Works,Nebbi District Local Government,local government,2024-09-02 00:00:00,2024-2025
91662,Installation of rain water harvesting system,31500000,642.0,3.0,Works,Nebbi District Local Government,local government,2024-09-02 00:00:00,2024-2025
91695,"Construction of a Block of 2 Classrooms with Floor tile,door ramp an Office Attached and 10000 litre Water Harvesting Component with Complete Gutter at Nyipir P/S",103000000,642.0,3.0,Works,Nebbi District Local Government,local government,2024-09-02 00:00:00,2024-2025
91697,FENCING OF PAMINYA HCIII,65000000,642.0,3.0,Works,Nebbi District Local Government,local government,2024-09-02 00:00:00,2024-2025
91698,Fencing of Atego Seed SS,120000000,642.0,3.0,Works,Nebbi District Local Government,local government,2024-09-02 00:00:00,2024-2025
91432,Cleaning materials for three months under the Reservation Scheme,2311620,433.0,1.0,Supplies,National Water & Sewerage Corporation,Water and Environment,2024-08-30 00:00:00,2024-2025
91220,Construction of Jupathombu foot bridge of 12.24 metres on Nyibola river,293975500,642.0,3.0,Works,Nebbi District Local Government,local government,2024-08-30 00:00:00,2024-2025
91222,Consultancy for District Climate change capacity needs assessment for sub-county and community stakeholders,20000000,642.0,4.0,Consultancy Services,Nebbi District Local Government,local government,2024-08-30 00:00:00,2024-2025
91224,"Tree planting,weeding,and beating up along 17.4 km roads in Nyaravur-Angal and Parombo Towncouncils in Nebbi District",60000000,642.0,2.0,Non-Consultancy Services,Nebbi District Local Government,local government,2024-08-30 00:00:00,2024-2025
91740,SERVICING OF TABLE TOP COUNTING SCALE MACHINES,31860000,472.0,2.0,Non-Consultancy Services,Uganda National Examinations Board,Education,2024-08-30 00:00:00,2024-2025
91745,"SUPPLY AND DELIVERY OF DOUBLE SIDED TAPES, ALCOHOL FOR SHEET FED, THINNER AND BODS BODA OIL",42144000,472.0,1.0,Supplies,Uganda National Examinations Board,Education,2024-08-30 00:00:00,2024-2025
91757,"SUPPLY, DELIVERY AND INSTALLATION OF KEY TRACKERS",58169000,472.0,1.0,Supplies,Uganda National Examinations Board,Education,2024-08-30 00:00:00,2024-2025
91777,"SUPPLY AND DELIVERY OF DESKTOP COMPUTERS, UPS, A LAPTOP, PRINTERS AND A PHOTOCOPIER FOR THE DIRECTORATE OF EXAMINATIONS, AUDIT AND MANUSCRIPT",15000000,472.0,1.0,Supplies,Uganda National Examinations Board,Education,2024-08-30 00:00:00,2024-2025
91526,Supply of Automatic Voltage Switches (AVSs) for Air Conditioners under Reservation Scheme.,5000000,433.0,1.0,Supplies,National Water & Sewerage Corporation,Water and Environment,2024-08-30 00:00:00,2024-2025
91530,Supply of Hour Run Counters 240VAC under Reservation Scheme.,9000000,433.0,1.0,Supplies,National Water & Sewerage Corporation,Water and Environment,2024-08-30 00:00:00,2024-2025
91795,"SUPPLY, DELIVERY AND INSTALLATION OF SPARE PARTS FOR RISO COM COLOUR GD9630",8484200,472.0,1.0,Supplies,Uganda National Examinations Board,Education,2024-08-30 00:00:00,2024-2025
91319,Procurement of Fleet Management Information System under Framework Contract,1115000000,478.0,2.0,Non-Consultancy Services,Uganda Revenue Authority,Accountability,2024-08-30 00:00:00,2024-2025
91735,SUPPLY AND DELIVERY OF LAPTOP AND PRINTER FOR SENIOR ADMINISTRATIVE OFFICER,11000000,472.0,1.0,Supplies,Uganda National Examinations Board,Education,2024-08-28 00:00:00,2024-2025
91571,Consultancy services to maintain geo-spatial M&E system and farmer registration app,186375000,457.0,4.0,Consultancy Services,Uganda Coffee Development Authority,Agriculture,2024-08-27 00:00:00,2024-2025
91641,supply and delivery of branded coffee packaging bags,76110000,457.0,1.0,Supplies,Uganda Coffee Development Authority,Agriculture,2024-08-27 00:00:00,2024-2025
91744,SUPPLY AND DELIVERY OF HEAVY DUTY UPS FOR RISO COM COLOUR GD9630,35000000,472.0,1.0,Supplies,Uganda National Examinations Board,Education,2024-08-23 00:00:00,2024-2025
91746,"SUPPLY, DELIVERY, INSTALLATION AND TEST RUNNING DIGITAL DUPLICATOR",53100000,472.0,1.0,Supplies,Uganda National Examinations Board,Education,2024-08-23 00:00:00,2024-2025
91640,Supply and Delivery of Security seals,78000000,457.0,1.0,Supplies,Uganda Coffee Development Authority,Agriculture,2024-08-23 00:00:00,2024-2025
91457,Renovation works at Lwakhakha Customs Station,45000000,478.0,3.0,Works,Uganda Revenue Authority,Accountability,2024-08-22 00:00:00,2024-2025
91478,SUPPLY AND DELIVERY OF PRINTING INK AND STAPLE FINISHERS FOR RISO COM COLOUR GD9630,53985500,472.0,1.0,Supplies,Uganda National Examinations Board,Education,2024-08-22 00:00:00,2024-2025
91798,Supply of Assorted V-belts for Katosi - WPD under reservation scheme,6465000,433.0,1.0,Supplies,National Water & Sewerage Corporation,Water and Environment,2024-08-22 00:00:00,2024-2025
91472,SUPPLY AND DELIVERY OF BRAILLE EMBOSSER FOR SNE DIVISION,70000000,472.0,1.0,Supplies,Uganda National Examinations Board,Education,2024-08-21 00:00:00,2024-2025
91742,SUPPLY AND DELIVERY OF ASSORTED DRUGS FOR USE DURING PRINTING AND PACKING OF 2024 EXAMS,7205080,472.0,1.0,Supplies,Uganda National Examinations Board,Education,2024-08-21 00:00:00,2024-2025
91779,Phased construction of western division Administration block (phase   three),45000000,749.0,3.0,Works,Busia Municipal Council,Municipal,2024-08-21 00:00:00,2024-2025
91527,REPAIR OF ROLLER BLOCKS FOR STAHL FOLDER MACHINE,7080000,472.0,2.0,Non-Consultancy Services,Uganda National Examinations Board,Education,2024-08-21 00:00:00,2024-2025
91529,SUPPLY AND DELIVERY OF MUSIC LINED COMPUTER PAPER,75500000,472.0,1.0,Supplies,Uganda National Examinations Board,Education,2024-08-21 00:00:00,2024-2025
91531,SUPPLY AND RESTORATION OF SOFTWARE FOR KODAK CTP PRINTING MACHINE,29500000,472.0,1.0,Supplies,Uganda National Examinations Board,Education,2024-08-21 00:00:00,2024-2025
91787,SUPPLY AND DELIVERY OF TOP FLAPS AND SPLICE INDICATORS,94500000,472.0,1.0,Supplies,Uganda National Examinations Board,Education,2024-08-21 00:00:00,2024-2025
91532,"SUPPLY, DELIVERY AND INSTALLATION OF FURNITURE FOR UNEB KYAMBOGO OFFICES",16040000,472.0,1.0,Supplies,Uganda National Examinations Board,Education,2024-08-21 00:00:00,2024-2025
91792,SERVICE OF WEB OFFSET MONO UNIT MACHINE,132000000,472.0,2.0,Non-Consultancy Services,Uganda National Examinations Board,Education,2024-08-21 00:00:00,2024-2025
91793,SERVICE AND REFURBISHMENT OF CONTROL UNIT FOR ST100 PRINTERY MACHINE,85000000,472.0,2.0,Non-Consultancy Services,Uganda National Examinations Board,Education,2024-08-21 00:00:00,2024-2025
91479,SUPPLY AND DELIVERY OF WEB OFFSET INKS FOR PRINTERY AND FOUNTAIN SOLUTION,71500000,472.0,1.0,Supplies,Uganda National Examinations Board,Education,2024-08-19 00:00:00,2024-2025
91448,Supply and Delivery of emergency replacement network switch for NDQCL Server room,39500000,424.0,1.0,Supplies,National Drug Authority,Health,2024-08-16 00:00:00,2024-2025
91471,SUPPLY AND DELIVERY OF ASSORTED CONSUMABLES AND CHEMICALS FOR USE IN THE PRINTERY,74990000,472.0,1.0,Supplies,Uganda National Examinations Board,Education,2024-08-16 00:00:00,2024-2025
91474,PROVISION OF SOPHOS ANTIVIRUS SOLUTION FOR UNEB,89473287,472.0,2.0,Non-Consultancy Services,Uganda National Examinations Board,Education,2024-08-16 00:00:00,2024-2025
91741,SERVICE OF RMGT 796PF FIVE COLOUR PRINTING MACHINE,140000000,472.0,2.0,Non-Consultancy Services,Uganda National Examinations Board,Education,2024-08-16 00:00:00,2024-2025
91743,DEVELOPMENT AND IMPLEMENTATION OF DYNAMIC INTERACTIVE VOICE RESPONSE (IVR) RE-VECTORING ON UNEB CALL CENTER CRM PLATFORM AND NODE ADDITION FOR KYAMBOGO,128798000,472.0,2.0,Non-Consultancy Services,Uganda National Examinations Board,Education,2024-08-16 00:00:00,2024-2025
91751,supply of assorted IT equipment for inventory department,6000000,433.0,1.0,Supplies,National Water & Sewerage Corporation,Water and Environment,2024-08-16 00:00:00,2024-2025
91755,SUPPLY AND DELIVERY OF WEB OFFSET GLUE,112749000,472.0,1.0,Supplies,Uganda National Examinations Board,Education,2024-08-16 00:00:00,2024-2025
91762,SUPPLY AND DELIVERY OF SPARE PARTS FOR GLUING GUN FOR RONALD WEB,85342320,472.0,1.0,Supplies,Uganda National Examinations Board,Education,2024-08-16 00:00:00,2024-2025
91533,SUPPLY AND DELIVERY OF SPARE PARTS FOR MAGNUM Q800 CTP PRINTING MACHINE,31507000,472.0,1.0,Supplies,Uganda National Examinations Board,Education,2024-08-16 00:00:00,2024-2025
91536,SUPPLY AND DELIVERY OF CUTTING RUBBER FOR PRINTING MACHINES,70800000,472.0,1.0,Supplies,Uganda National Examinations Board,Education,2024-08-16 00:00:00,2024-2025
91799,supply and istallation of the unifi network switch at pacific hall - IREC,6500000,433.0,1.0,Supplies,National Water & Sewerage Corporation,Water and Environment,2024-08-16 00:00:00,2024-2025
91548,SUPPLY AND DELIVERY OF PNEUMATIC CYLINDERS FOR WEB OFFSET MACHINES,59118000,472.0,1.0,Supplies,Uganda National Examinations Board,Education,2024-08-16 00:00:00,2024-2025
91469,"Office Fit-Out at NDA Central Regional Office-Masaka (Plumbing works, Security Kiosk, Partition and External Glass Frosting)",15876900,424.0,3.0,Works,National Drug Authority,Health,2024-08-15 00:00:00,2024-2025
91470,SUPPLY AND DELIVERY OF INKS FOR SHEET FED MACHINE AND CONSUMABLES FOR SORSZ PRINTING MACHINE IN LOTS 1 & 2,57700000,472.0,1.0,Supplies,Uganda National Examinations Board,Education,2024-08-15 00:00:00,2024-2025
91796,Supply of Conference Tables,41123000,462.0,1.0,Supplies,Uganda Electricity Transmission Company,Energy and Mineral Development,2024-08-15 00:00:00,2024-2025
91612,SUPPLY AND INSTALLATION OF PUMP SETS FOR NWSC GABA WATER WORKS.,29000000000,433.0,1.0,Supplies,National Water & Sewerage Corporation,Water and Environment,2024-08-14 00:00:00,2024-2025
91418,Construction of Generator Shed at Packwach and Adjumani and Modification of Shed at Masindi,35000000,478.0,3.0,Works,Uganda Revenue Authority,Accountability,2024-08-13 00:00:00,2024-2025
91758,Supply of Transmission Line Tools-Retender,57147374,462.0,1.0,Supplies,Uganda Electricity Transmission Company,Energy and Mineral Development,2024-08-13 00:00:00,2024-2025
91553,Supply of Kaspersky Endpoint Security Licenses,57000000,458.0,1.0,Supplies,Uganda Communications Commission,ICT and National Guidance,2024-08-13 00:00:00,2024-2025
91646,SUPPLY AND DELIVERY OF STICKY LABELS,126000000,472.0,1.0,Supplies,Uganda National Examinations Board,Education,2024-08-13 00:00:00,2024-2025
91654,"Bore hole siting,drilling and construction ",233239842,642.0,3.0,Works,Nebbi District Local Government,local government,2024-08-12 00:00:00,2024-2025
91655,DRILLING OF 7 BOREHOLES AND 2 PRODUCTION WELLS,233239842,642.0,3.0,Works,Nebbi District Local Government,local government,2024-08-12 00:00:00,2024-2025
91656,SITING OF 2 PRODUCTION WELLS AND 7 BOREHOLES,34260660,642.0,4.0,Consultancy Services,Nebbi District Local Government,local government,2024-08-12 00:00:00,2024-2025
91658,Piped water extension,300000000,642.0,3.0,Works,Nebbi District Local Government,local government,2024-08-12 00:00:00,2024-2025
91659,2 VIP LATRINE CONSTRUCTION AT AYILLA MARKET AND OCELO MARKET PAROMBO S/C,32765810,642.0,3.0,Works,Nebbi District Local Government,local government,2024-08-12 00:00:00,2024-2025
91665,Renovation of 4 Classrooms at Alwala P/S,72822000,642.0,3.0,Works,Nebbi District Local Government,local government,2024-08-12 00:00:00,2024-2025
91666,Renovation of 4 Classrooms at Padwot  P/S,102945000,642.0,3.0,Works,Nebbi District Local Government,local government,2024-08-12 00:00:00,2024-2025
91667,Renovation of  4Classrooms at Akaba P/S,45868704,642.0,3.0,Works,Nebbi District Local Government,local government,2024-08-12 00:00:00,2024-2025
91669,Construction of a 5Stance Pit Lined Drainable VIP Latrine With SNE attached and a Roofed Girls washroom with a door Shutter at Paleo NFE,28500000,642.0,3.0,Works,Nebbi District Local Government,local government,2024-08-12 00:00:00,2024-2025
91670,Procurement of 2 Motor cycles for Education department,38000000,642.0,1.0,Supplies,Nebbi District Local Government,local government,2024-08-12 00:00:00,2024-2025
91672,Construction of a 5 Stance Pit Lined Drainable VIP Latrine with an SNE Stance attahed and a Roofed Girls Washroom with a door shutter at Pulum Aduku P/S,28500000,642.0,3.0,Works,Nebbi District Local Government,local government,2024-08-12 00:00:00,2024-2025
91674,Construction of a 5 Stance Pit Lined Drainable Vip latrine with an SNE Stance attached and a Roofed Girls Washroom with a door Shutter at Aor P/S,28500000,642.0,3.0,Works,Nebbi District Local Government,local government,2024-08-12 00:00:00,2024-2025
91676,Construction of a 5 Stance Pit Lined Drainable VIP Latrine with an SNE Stance attached and a Roofed Girls Washroom with a door shutter at Omaki Memorial P/S,28500000,642.0,3.0,Works,Nebbi District Local Government,local government,2024-08-12 00:00:00,2024-2025
91677,Construction of A 5-Stance Pit Lined Latrine with SNE Stance  attached and a roofed Girls Washroom with a door Shutter at Kei P/S ,28500000,642.0,3.0,Works,Nebbi District Local Government,local government,2024-08-12 00:00:00,2024-2025
91678,Construction of a 5 Stance Pit Lined Drainable  VIP Latrine With SNE attached and a Roofed Girls Washroom with a door Shutter at Akanga  P/S,28500000,642.0,3.0,Works,Nebbi District Local Government,local government,2024-08-12 00:00:00,2024-2025
91679,Construction of a 5 Stance Pit Lined Drainable VIP Latrine with an SNE Stance attached and a Roofed Girls Washroom with a door shutter at Azingo  P/S,28500000,642.0,3.0,Works,Nebbi District Local Government,local government,2024-08-12 00:00:00,2024-2025
91680,Renovation of 4 Classrooms at Abongo   P/S,93463000,642.0,3.0,Works,Nebbi District Local Government,local government,2024-08-12 00:00:00,2024-2025
91681,Renovation of 4 Classrooms at Pawong P/S,77063200,642.0,3.0,Works,Nebbi District Local Government,local government,2024-08-12 00:00:00,2024-2025
91682,Construction of a 4  Stance Pit Lined Drainable Vip Latrine with an SNE Stance attached with  boys urinals at Rero P/S,20000000,642.0,3.0,Works,Nebbi District Local Government,local government,2024-08-12 00:00:00,2024-2025
91690,Renovation of 4 Classrooms at Paceru P/S,91142000,642.0,3.0,Works,Nebbi District Local Government,local government,2024-08-12 00:00:00,2024-2025
91691," Construction of a Block of 2-Classrooms with floor tile, door ramps and an Office & store attached and 10000 litre  water Harvesting Component withComplete Gutter at Avuru P/S",100000000,642.0,3.0,Works,Nebbi District Local Government,local government,2024-08-12 00:00:00,2024-2025
91473,SUPPLY AND DELIVERY OF PRE-PRESS PLATES FOR PRINTERY,80000000,472.0,1.0,Supplies,Uganda National Examinations Board,Education,2024-08-09 00:00:00,2024-2025
91480,SUPPLY AND DELIVERY OF PRINTERY DORMITORY ITEMS,46730000,472.0,1.0,Supplies,Uganda National Examinations Board,Education,2024-08-09 00:00:00,2024-2025
91043,Acquisition of Enterprise Application Integration (EAI) Platform,8000000000,478.0,2.0,Non-Consultancy Services,Uganda Revenue Authority,Accountability,2024-08-09 00:00:00,2024-2025
91708,Supply of air conditioner systems,25667360,737.0,1.0,Supplies,Atomic Energy Council,Energy and Mineral Development,2024-08-08 00:00:00,2024-2025
91080,"Printing, Photocopying, Branded and assorted stationery",42823929,386.0,1.0,Supplies,Makerere University Business School,Education,2024-08-07 00:00:00,2024-2025
91429,Supply of Rain Coats for UETCL Staff,29500000,462.0,1.0,Supplies,Uganda Electricity Transmission Company,Energy and Mineral Development,2024-08-06 00:00:00,2024-2025
91430,Supply of Branded Travel Mugs for Corporate Strategic Plan Launch,11682000,462.0,1.0,Supplies,Uganda Electricity Transmission Company,Energy and Mineral Development,2024-08-06 00:00:00,2024-2025
91752,SUPPLY OF AN OVERHEAD PROJECTOR FOR THE TRAINING & CAPACITY DEVELOPMENT DEPARTMENT,6000000,433.0,1.0,Supplies,National Water & Sewerage Corporation,Water and Environment,2024-08-06 00:00:00,2024-2025
91609,Supply of Composite Post Insulators 220KV for Kawanda Masaka,194700000,462.0,1.0,Supplies,Uganda Electricity Transmission Company,Energy and Mineral Development,2024-08-06 00:00:00,2024-2025
91764,SUPPLY OF LAPTOPS FOR EXTERNAL SERVICES DEPARTMENT,9000000,433.0,1.0,Supplies,National Water & Sewerage Corporation,Water and Environment,2024-08-05 00:00:00,2024-2025
91727,Provision of Hotel and Conference services under framework,200000000,26.0,2.0,Non-Consultancy Services,Electricity Regulatory Authority,Energy and Mineral Development,2024-08-02 00:00:00,2024-2025
91731,Provision of Hotel and Conference services under Framework,200000000,26.0,2.0,Non-Consultancy Services,Electricity Regulatory Authority,Energy and Mineral Development,2024-08-02 00:00:00,2024-2025
91481,PROVISION OF OPERATION TRAINING ON BUHRS 3000 WRAPPING SYSTEM,142600000,472.0,2.0,Non-Consultancy Services,Uganda National Examinations Board,Education,2024-08-02 00:00:00,2024-2025
91320,"Construction of canines' accommodation structure, fabrication and supply of armoury boxes at Nakawa",61120000,478.0,3.0,Works,Uganda Revenue Authority,Accountability,2024-08-01 00:00:00,2024-2025
91645,Upgrade of UCC Decorders & Improvement of 	DSTV Network Infrastructure,8811500,458.0,1.0,Supplies,Uganda Communications Commission,ICT and National Guidance,2024-07-31 21:00:00,2024-2025
91475,Supply of Students Food practical items,5886666,386.0,1.0,Supplies,Makerere University Business School,Education,2024-07-31 00:00:00,2024-2025
91600,Provision of Medical Insurance Services for UETCL Staff and their Dependants,2127691956,462.0,2.0,Non-Consultancy Services,Uganda Electricity Transmission Company,Energy and Mineral Development,2024-07-31 00:00:00,2024-2025
91373,SUPPLY AND DELIVERY OF PACKING MATERIALS FOR EXAMINATION STATIONERY,111000000,472.0,1.0,Supplies,Uganda National Examinations Board,Education,2024-07-26 00:00:00,2024-2025
91375,PROVISION OF HOTEL VENUE FOR THE DISSEMINATION OF NAPE REPORT,13000000,472.0,2.0,Non-Consultancy Services,Uganda National Examinations Board,Education,2024-07-26 00:00:00,2024-2025
91137,Emergency procurement for event management for Nebbi & Arua Substation,153414160,462.0,2.0,Non-Consultancy Services,Uganda Electricity Transmission Company,Energy and Mineral Development,2024-07-24 00:00:00,2024-2025
91567,Consultancy services for quality Assurance during the registration of farmers and farms in selected coffee growing regions in Uganda,85000000,457.0,4.0,Consultancy Services,Uganda Coffee Development Authority,Agriculture,2024-07-24 00:00:00,2024-2025
91142,Procurement of three economy class return air tickets to Dubai for a team to attend a training in Integrated Sustainability into public procurement,10260000,684.0,1.0,Supplies,UGANDA DEVELOPMENT CORPORATION,Public Administration,2024-07-19 00:00:00,2024-2025
91797,PROVISION OF CATERING SERVICES DURING PRINTING AND PACKING OF 2024 EXAMINATIONSS,321689240,472.0,2.0,Non-Consultancy Services,Uganda National Examinations Board,Education,2024-07-19 00:00:00,2024-2025
91569,Provision of Motor comprehensive Insurance cover for  UCDA fleet,80243595,457.0,2.0,Non-Consultancy Services,Uganda Coffee Development Authority,Agriculture,2024-07-19 00:00:00,2024-2025
91636,procurement of soil moisture sensing equipment,19165125,418.0,1.0,Supplies,National Agricultural Research Organization,Agriculture,2024-07-19 00:00:00,2024-2025
91644,"PROVISION OF INSURANCE SERVICES IN LOTS 1,2,3,4,5,6,7 & 8",470416578,472.0,2.0,Non-Consultancy Services,Uganda National Examinations Board,Education,2024-07-19 00:00:00,2024-2025
91551,"SUPPLY, DELIVERY AND INSTALLATION OF AUDIT MANAGEMENT SOFTWARE LICENSE",64900000,472.0,1.0,Supplies,Uganda National Examinations Board,Education,2024-07-18 00:00:00,2024-2025
91568,Purchase of Fuel for all Departments,193557500,617.0,1.0,Supplies,Entebbe Municipal Council,Municipal,2024-07-17 00:00:00,2024-2025
91570,Purchase for Assorted Office Stationery,103000000,617.0,1.0,Supplies,Entebbe Municipal Council,Municipal,2024-07-17 00:00:00,2024-2025
91572,Purchaseof Culverts 900mm dia,12800000,617.0,1.0,Supplies,Entebbe Municipal Council,Municipal,2024-07-17 00:00:00,2024-2025
91573,Purchase of Culverts 600mm dia for Gravelling of Selected Roads,32200000,617.0,1.0,Supplies,Entebbe Municipal Council,Municipal,2024-07-17 00:00:00,2024-2025
91574,Purchase of fuel for  graveling of selected roads,25220000,617.0,1.0,Supplies,Entebbe Municipal Council,Municipal,2024-07-17 00:00:00,2024-2025
91575,Purchaseof Culverts 900mm dia,12800000,617.0,1.0,Supplies,Entebbe Municipal Council,Municipal,2024-07-17 00:00:00,2024-2025
91576,Purchase of Fuel for Maintaining Nkumba Dumping site,48000000,617.0,1.0,Supplies,Entebbe Municipal Council,Municipal,2024-07-17 00:00:00,2024-2025
91577,Purchase of Fuel for Monitoring and supervision of capital works,26000000,617.0,1.0,Supplies,Entebbe Municipal Council,Municipal,2024-07-17 00:00:00,2024-2025
91578,Purchase of fuel for routine manual maintenance of roads,84438000,617.0,1.0,Supplies,Entebbe Municipal Council,Municipal,2024-07-17 00:00:00,2024-2025
91579,Purchase of fuel for routine mechanised maintenance of Roads,20352000,617.0,1.0,Supplies,Entebbe Municipal Council,Municipal,2024-07-17 00:00:00,2024-2025
91580,Purchase of fruit tree seedling for Production department,3000000,617.0,1.0,Supplies,Entebbe Municipal Council,Municipal,2024-07-17 00:00:00,2024-2025
91581,Provision of Hotel and Conference Services,120000000,617.0,2.0,Non-Consultancy Services,Entebbe Municipal Council,Municipal,2024-07-17 00:00:00,2024-2025
91582,Purchase of tyres and tubes for all departments,20000000,617.0,1.0,Supplies,Entebbe Municipal Council,Municipal,2024-07-17 00:00:00,2024-2025
91583,Provision of Security Services for Kitooro Market,43000000,617.0,2.0,Non-Consultancy Services,Entebbe Municipal Council,Municipal,2024-07-17 00:00:00,2024-2025
91584,Purchase of Road Bitumen,30600000,617.0,1.0,Supplies,Entebbe Municipal Council,Municipal,2024-07-17 00:00:00,2024-2025
91585,Provision of Security and Guarding Services for Entebbe Municipal Council,8000000,617.0,2.0,Non-Consultancy Services,Entebbe Municipal Council,Municipal,2024-07-17 00:00:00,2024-2025
91586,Purchase of road gravel for gravelling selected roads,122400000,617.0,1.0,Supplies,Entebbe Municipal Council,Municipal,2024-07-17 00:00:00,2024-2025
91587,Purchase of road gravel for routine mechanized maintenance of roads,31500000,617.0,1.0,Supplies,Entebbe Municipal Council,Municipal,2024-07-17 00:00:00,2024-2025
91591,Purchase of Cement,8000000,617.0,1.0,Supplies,Entebbe Municipal Council,Municipal,2024-07-17 00:00:00,2024-2025
91593,Purchase of Stone aggregates,13500000,617.0,1.0,Supplies,Entebbe Municipal Council,Municipal,2024-07-17 00:00:00,2024-2025
91594,Purchase of firewood,12000000,617.0,1.0,Supplies,Entebbe Municipal Council,Municipal,2024-07-17 00:00:00,2024-2025
91595,Purhase of Stone Dust,12600000,617.0,1.0,Supplies,Entebbe Municipal Council,Municipal,2024-07-17 00:00:00,2024-2025
91596,Purchase of Pit Fine sand,3900000,617.0,1.0,Supplies,Entebbe Municipal Council,Municipal,2024-07-17 00:00:00,2024-2025
91597,Purchase of Lake Course Sand,6120000,617.0,1.0,Supplies,Entebbe Municipal Council,Municipal,2024-07-17 00:00:00,2024-2025
91598,Purchase of  Block slates,12325000,617.0,1.0,Supplies,Entebbe Municipal Council,Municipal,2024-07-17 00:00:00,2024-2025
91599,Purchase of Cement,8000000,617.0,1.0,Supplies,Entebbe Municipal Council,Municipal,2024-07-17 00:00:00,2024-2025
91603,"Provide for tools, road signs, protective wear etc for gravelling of selected roads",3000000,617.0,1.0,Supplies,Entebbe Municipal Council,Municipal,2024-07-17 00:00:00,2024-2025
91608,Purchase of hand tools for routine manual maintenance of roads,14500000,617.0,1.0,Supplies,Entebbe Municipal Council,Municipal,2024-07-17 00:00:00,2024-2025
91610,"Maintenance, Repair and Servicing of computers, printers and other accessories such as telephone, cameras",51060000,617.0,2.0,Non-Consultancy Services,Entebbe Municipal Council,Municipal,2024-07-17 00:00:00,2024-2025
91615,"Provision of printing , binding and photocopying services",8000000,617.0,2.0,Non-Consultancy Services,Entebbe Municipal Council,Municipal,2024-07-17 00:00:00,2024-2025
91616,Purchase of heavy duty slab covers,20000000,617.0,1.0,Supplies,Entebbe Municipal Council,Municipal,2024-07-17 00:00:00,2024-2025
91618,Purhase of Stone Dust,12600000,617.0,1.0,Supplies,Entebbe Municipal Council,Municipal,2024-07-17 00:00:00,2024-2025
91619,Management of Revenue Collection form Entebbe Central Market in Division A,13000000,617.0,2.0,Non-Consultancy Services,Entebbe Municipal Council,Municipal,2024-07-17 00:00:00,2024-2025
91620,Management of Revenue Collection from Nakiwogo Market and Landing Site in Division A&B,66000000,617.0,2.0,Non-Consultancy Services,Entebbe Municipal Council,Municipal,2024-07-17 00:00:00,2024-2025
91621,Management of Revenue collection from Namate Kabubu weekly market in Division A,15540000,617.0,2.0,Non-Consultancy Services,Entebbe Municipal Council,Municipal,2024-07-17 00:00:00,2024-2025
91622,Provision of Office Cleaning&Compund for Entebbe Municipal Council and Divisions A&B,88200000,617.0,2.0,Non-Consultancy Services,Entebbe Municipal Council,Municipal,2024-07-17 00:00:00,2024-2025
91623,"Rountine Maintenance of Flower Gradens, Sweeping of Town and Road Verges in Division A",36000000,617.0,2.0,Non-Consultancy Services,Entebbe Municipal Council,Municipal,2024-07-17 00:00:00,2024-2025
91624,"Rountine Maintenance of Flower Gradens, Sweeping of Town and Road Verges in Division A",36000000,617.0,2.0,Non-Consultancy Services,Entebbe Municipal Council,Municipal,2024-07-17 00:00:00,2024-2025
91625,Provision of Medical examination of public food handlers,5500000,617.0,2.0,Non-Consultancy Services,Entebbe Municipal Council,Municipal,2024-07-17 00:00:00,2024-2025
91628,"Maintenance, Repair and Servicing of computers, printers and other accessories such as telephone, cameras",51060000,617.0,2.0,Non-Consultancy Services,Entebbe Municipal Council,Municipal,2024-07-17 00:00:00,2024-2025
91629,"Maintenance, Repair and Servicing of computers, printers and other accessories such as telephone, cameras",51060000,617.0,2.0,Non-Consultancy Services,Entebbe Municipal Council,Municipal,2024-07-17 00:00:00,2024-2025
91631,"Provision of Catering Services for Training Cooperatives, Entreprenuers, Business Associations and other Leaderships",80000000,617.0,2.0,Non-Consultancy Services,Entebbe Municipal Council,Municipal,2024-07-17 00:00:00,2024-2025
91632,"Lincensing, repair, maitenance and servicing of machinery and equipment eg vehicles, motorcycle",165715101,617.0,2.0,Non-Consultancy Services,Entebbe Municipal Council,Municipal,2024-07-17 00:00:00,2024-2025
91377,Office Partition for Principal HRO on 3rd Floor,12531600,424.0,3.0,Works,National Drug Authority,Health,2024-07-17 00:00:00,2024-2025
91633,Purchase of Road Primer,11050000,617.0,1.0,Supplies,Entebbe Municipal Council,Municipal,2024-07-17 00:00:00,2024-2025
91634,"Purchase of Protective ware and Tools (Corporate shirts ,enforcement uniforms revenue reflector jackets respirators/masks, gloves, Apron & other cleaning material; forks, spades, rakes, gumboots, wheelbarrow and nets)",17080000,617.0,1.0,Supplies,Entebbe Municipal Council,Municipal,2024-07-17 00:00:00,2024-2025
91143,Procurement of one (01) business class and three (03) economy class return air tickets  to Accra Ghana for a team to meet with the Secretary General of the African Continental Free Trade Area.,35118800,684.0,1.0,Supplies,UGANDA DEVELOPMENT CORPORATION,Public Administration,2024-07-16 00:00:00,2024-2025
91354,Supply of Total Station and Accessories,74118745,462.0,1.0,Supplies,Uganda Electricity Transmission Company,Energy and Mineral Development,2024-07-16 00:00:00,2024-2025
91355,Supply of Sel Backup relays,283200000,462.0,1.0,Supplies,Uganda Electricity Transmission Company,Energy and Mineral Development,2024-07-16 00:00:00,2024-2025
91759,Management and collection of revenue from  light parking and street parking fees,162600000,749.0,2.0,Non-Consultancy Services,Busia Municipal Council,Municipal,2024-07-12 00:00:00,2024-2025
91765,Management and collection of Revenue from loading and offloading fees in Town and Busia Municipal council gazetted markets,266400000,749.0,2.0,Non-Consultancy Services,Busia Municipal Council,Municipal,2024-07-12 00:00:00,2024-2025
91768,Management  and collection of revenue from loading and off loading fees in town and Busia municipal council gazatted markets,266400000,749.0,2.0,Non-Consultancy Services,Busia Municipal Council,Municipal,2024-07-12 00:00:00,2024-2025
91770,Management  and collection of revenue from Busia municipal council abattior,26400000,749.0,2.0,Non-Consultancy Services,Busia Municipal Council,Municipal,2024-07-12 00:00:00,2024-2025
91771,"Management  and collection of revenue  from public conveniece  (taxi park, Arubaine  and  main market)",10200000,749.0,2.0,Non-Consultancy Services,Busia Municipal Council,Municipal,2024-07-12 00:00:00,2024-2025
91772,Management and collection of revenue from light parking and street parking fees,162600000,749.0,2.0,Non-Consultancy Services,Busia Municipal Council,Municipal,2024-07-12 00:00:00,2024-2025
91773,Management and collection  of revenue from Hotel Tax,30960000,749.0,2.0,Non-Consultancy Services,Busia Municipal Council,Municipal,2024-07-12 00:00:00,2024-2025
91784,Supply of fuel  for  Health  Department,2037657,749.0,1.0,Supplies,Busia Municipal Council,Municipal,2024-07-12 00:00:00,2024-2025
91786,Supply of fuel for works,7000000,749.0,1.0,Supplies,Busia Municipal Council,Municipal,2024-07-12 00:00:00,2024-2025
91374,PROVISION OF OPERATION TRAINING ON WEB OFFSET 4Hi TOWER MACHINES,135000000,472.0,2.0,Non-Consultancy Services,Uganda National Examinations Board,Education,2024-07-12 00:00:00,2024-2025
91305,PROTECTION OF FIVE (5) TOWERS ON IGANGA-TORORO TRANSMISSION LINE,168206640,462.0,3.0,Works,Uganda Electricity Transmission Company,Energy and Mineral Development,2024-07-09 00:00:00,2024-2025
91306,Protection of Tower 558 on Kampala North- Mutundwe 132kv Transmission Line,96656160,462.0,3.0,Works,Uganda Electricity Transmission Company,Energy and Mineral Development,2024-07-09 00:00:00,2024-2025
91507,PROVISION OF CATERING SERVICES DURING RESIDENTIAL ENVELOPE WRITING EXERCISE FOR 2024 EXAMS,101244000,472.0,2.0,Non-Consultancy Services,Uganda National Examinations Board,Education,2024-07-08 00:00:00,2024-2025
91503,REPAIR OF MOTOR VEHICLE REGISTRATION NO. UAY 137Z (TOYOTA HILUX),10443000,472.0,2.0,Non-Consultancy Services,Uganda National Examinations Board,Education,2024-07-05 00:00:00,2024-2025
91243,CONSTRUCTION WORKS FOR GRAVEL FILLING AND COMPOUND LEVELING AT LUGOGO YARD,20939100,462.0,1.0,Supplies,Uganda Electricity Transmission Company,Energy and Mineral Development,2024-07-02 00:00:00,2024-2025
91272,Supply of Overhead Earthwire ( Nalubale-Lugazi) Line,389400000,462.0,1.0,Supplies,Uganda Electricity Transmission Company,Energy and Mineral Development,2024-07-02 00:00:00,2024-2025
91683,"Provision of services for Digital Literacy Training and Distribution of 7,700 Units of Tablets Devices In 38 Districts in Uganda",769664523,458.0,2.0,Non-Consultancy Services,Uganda Communications Commission,ICT and National Guidance,2024-06-28 00:00:00,2024-2025
91686,SUPPLY AND DELIVERY OF 6500 TABLET DEVICES FOR THE UNSERVED AND UNDERSERVED HOUSEHOLDS IN VARIOUS PARTS OF THE COUNTRY,4875000000,458.0,1.0,Supplies,Uganda Communications Commission,ICT and National Guidance,2024-06-28 00:00:00,2024-2025
91767,"SUPPLY OF THYRISTOR,26MT120,12VCD RELAYS,24VCD RELAYS",17000000,433.0,1.0,Supplies,National Water & Sewerage Corporation,Water and Environment,2024-06-27 00:00:00,2024-2025
91671,"Works for Re-partitoning of Selected Offices at UCC House (H/IPR, 1st Floor Meeting , D/Finance & 5th Floor ( 5EL3) Offices.",35224966,458.0,3.0,Works,Uganda Communications Commission,ICT and National Guidance,2024-06-26 00:00:00,2024-2025
91438,Supply and Delivery of Access Road Maintenance Materials along Kawanda-Masaka 220KV Line,349232800,462.0,1.0,Supplies,Uganda Electricity Transmission Company,Energy and Mineral Development,2024-06-26 00:00:00,2024-2025
91687,SUPPLY OF SERVICE AND CALIBRATION OF FLAME PHOTOMETER AND 02 TOTAL ORGANIC CARBON ANALYSER UNDER RESERVATION SCHEME,68000000,433.0,1.0,Supplies,National Water & Sewerage Corporation,Water and Environment,2024-06-25 00:00:00,2024-2025
91688,SUPPLY OF SERVICE AND CALIBRATION OF FLAME PHOTOMETER AND 02 TOTAL ORGANIC CARBON ANALYSER UNDER RESERVATION SCHEME,68000000,433.0,1.0,Supplies,National Water & Sewerage Corporation,Water and Environment,2024-06-25 00:00:00,2024-2025
91246,PROCUREMENT FOR SUPPLY AND DELIVERY OF ACCESS ROAD MAINTENANCE MATERIALS ALONG NKONGE-NKENDA 132KV LINE,68392800,462.0,1.0,Supplies,Uganda Electricity Transmission Company,Energy and Mineral Development,2024-06-25 00:00:00,2024-2025
91330,Supply of Safety wear for UETCL Staff,263470400,462.0,1.0,Supplies,Uganda Electricity Transmission Company,Energy and Mineral Development,2024-06-25 00:00:00,2024-2025
91331,Provision of Events Management and Logistics Support for the Corporate Business Plan Launch  2024/25-2028/29,63277500,462.0,2.0,Non-Consultancy Services,Uganda Electricity Transmission Company,Energy and Mineral Development,2024-06-25 00:00:00,2024-2025
91650,SUPPLY OF ASSORTED PROTECTIVE WEARS FOR STATIC MAINTENANCE UNDER RESERVATION SCHEME,35135000,433.0,1.0,Supplies,National Water & Sewerage Corporation,Water and Environment,2024-06-24 00:00:00,2024-2025
91524,Provision of Catering Services (snacks & refreshments) for UCC Meetings,78000000,458.0,2.0,Non-Consultancy Services,Uganda Communications Commission,ICT and National Guidance,2024-06-24 00:00:00,2024-2025
91541,Provision of Catering Services (snacks & Refreshments) for  UCC Meetings,78000000,458.0,2.0,Non-Consultancy Services,Uganda Communications Commission,ICT and National Guidance,2024-06-24 00:00:00,2024-2025
91651,SUPPLY OF A 50M3/HR REPLACEMENT SUBMERSIBLE PUMP END FOR GOMBE KYALO BH1-MITYANA UNDER RESERVATION SCHEME,16200000,433.0,1.0,Supplies,National Water & Sewerage Corporation,Water and Environment,2024-06-21 00:00:00,2024-2025
91468,Services to plan and Execute a National Radio-Consumer Awareness Drive on Internet Data Usage,150000000,458.0,2.0,Non-Consultancy Services,Uganda Communications Commission,ICT and National Guidance,2024-06-19 00:00:00,2024-2025
91482,Supply and Delivery of Construction Materials for the Access Road along the Tororo-Opuyo 132KV Line,155052000,462.0,1.0,Supplies,Uganda Electricity Transmission Company,Energy and Mineral Development,2024-06-19 00:00:00,2024-2025
91537,Printing and Supply of Comparative Domestic Courier rates,90000000,458.0,1.0,Supplies,Uganda Communications Commission,ICT and National Guidance,2024-06-19 00:00:00,2024-2025
91446,Procurement of IT Tool Box,14593048,462.0,1.0,Supplies,Uganda Electricity Transmission Company,Energy and Mineral Development,2024-06-18 00:00:00,2024-2025
91209,Supply of Backup Protection Relays,118000000,462.0,1.0,Supplies,Uganda Electricity Transmission Company,Energy and Mineral Development,2024-06-18 00:00:00,2024-2025
91606,Supply of Backup Protection relays,118000000,462.0,1.0,Supplies,Uganda Electricity Transmission Company,Energy and Mineral Development,2024-06-18 00:00:00,2024-2025
91378,DRILLING OF 5NO. DEEP BOREHOLES AND 2NO PRODUCTION WELLS,170000000,526.0,3.0,Works,Kiboga District Local Government,local government,2024-06-14 00:00:00,2024-2025
91379,COMPLETION OF A SOLAR DRIVEN PIPED WATER SYSTEM AT BULAGA TRADING CENTER PHASE TWO,160000000,526.0,3.0,Works,Kiboga District Local Government,local government,2024-06-14 00:00:00,2024-2025
91719,supply of double headed push buttons switch,11800000,433.0,1.0,Supplies,National Water & Sewerage Corporation,Water and Environment,2024-06-13 00:00:00,2024-2025
91221,Supply of Conductor AAAC 200MMSQ and AAAC 246 MMSQ for Transmission Lines.,387040000,462.0,1.0,Supplies,Uganda Electricity Transmission Company,Energy and Mineral Development,2024-06-11 00:00:00,2024-2025
91195,SUPPLY AND DELIVERY OF SMART PERSONAL DIGITAL ASSISTANTS,11417680,462.0,1.0,Supplies,Uganda Electricity Transmission Company,Energy and Mineral Development,2024-06-05 00:00:00,2024-2025
90650,Provision of Group Personal Accident Insurance Services for CDO Staff,45000000,18.0,2.0,Non-Consultancy Services,Cotton Development Organization,Agriculture,2024-06-04 00:00:00,2024-2025
90651,Provision of Private Securitry Services at the Cotton House,34000000,18.0,2.0,Non-Consultancy Services,Cotton Development Organization,Agriculture,2024-06-04 00:00:00,2024-2025
91212,SUPPLY OF ASSORTED LIGHTING MATERIALS - RETENDER,52942470,462.0,1.0,Supplies,Uganda Electricity Transmission Company,Energy and Mineral Development,2024-06-04 00:00:00,2024-2025
91016,PROVISION OF MEDICAL INSURANCE SERVICES TO UNEB EMPLOYEES AND ELIGIBLE DEPENDANTS,1327700000,472.0,2.0,Non-Consultancy Services,Uganda National Examinations Board,Education,2024-05-27 00:00:00,2024-2025
91196,Supply of Metering Units,265500000,462.0,1.0,Supplies,Uganda Electricity Transmission Company,Energy and Mineral Development,2024-05-21 00:00:00,2024-2025
91590,Supply of Bar Code Plates,26904000,462.0,1.0,Supplies,Uganda Electricity Transmission Company,Energy and Mineral Development,2024-05-14 00:00:00,2024-2025
91230,Provision of Meals for NDA Staff at Western regional office-Hoima,52833792,424.0,2.0,Non-Consultancy Services,National Drug Authority,Health,2024-05-13 00:00:00,2024-2025
90575,PROVISION OF EXTERNAL LEGAL SERVICES FOR UNEB,18436320,472.0,2.0,Non-Consultancy Services,Uganda National Examinations Board,Education,2024-05-13 00:00:00,2024-2025
91559,Supply and Installation of ICT Computer Laboratory Equipment at Nali-Kyankwanzi,75000000,458.0,1.0,Supplies,Uganda Communications Commission,ICT and National Guidance,2024-05-09 00:00:00,2024-2025
91652,SUPPLY AND INSTALLATION OF A 108M3 STEEL TANK ELEVATED AT 15M FOR BUGIRI AREA,300000000,433.0,1.0,Supplies,National Water & Sewerage Corporation,Water and Environment,2024-05-08 00:00:00,2024-2025
91729,Supply of Transmission Line Bucket Truck,408248626,462.0,1.0,Supplies,Uganda Electricity Transmission Company,Energy and Mineral Development,2024-05-08 00:00:00,2024-2025
91236,Supply of Assorted Tap Changer Spares for 220/132kv Interbus Transformers Re-tender,165908000,462.0,1.0,Supplies,Uganda Electricity Transmission Company,Energy and Mineral Development,2024-05-07 00:00:00,2024-2025
91447,Supply and delivery of high-end interactive display board for office of the ED.,36580000,458.0,1.0,Supplies,Uganda Communications Commission,ICT and National Guidance,2024-05-03 00:00:00,2024-2025
91700,Consultancy services for Gap Analysis for Universal Services Access and Usage,300000000,458.0,4.0,Consultancy Services,Uganda Communications Commission,ICT and National Guidance,2024-04-30 00:00:00,2024-2025
91812,Supply of an Industrial Ethernet Cable Analyzer and Accessories (Re-Tender),149665766,462.0,1.0,Supplies,Uganda Electricity Transmission Company,Energy and Mineral Development,2024-04-30 00:00:00,2024-2025
91233,supply & Installation of New Automatic Standby Generator at Rugonjo (50kvA) and Fort portal (150kvA),251340000,462.0,1.0,Supplies,Uganda Electricity Transmission Company,Energy and Mineral Development,2024-04-23 00:00:00,2024-2025
91242,"Hire of a 40MVA & 250MVA Transformer Loading and Hauling services at Opuyo and Kawanda, Mbarara South Substations",254408000,462.0,2.0,Non-Consultancy Services,Uganda Electricity Transmission Company,Energy and Mineral Development,2024-04-23 00:00:00,2024-2025
91431,Supply and  Delivery of Specialised Drugs under Two Year Framework contracts,6500101000,464.0,1.0,Supplies,Uganda Heart Institute,Health,2024-04-03 00:00:00,2024-2025
91487,Supply and delivery of General Sundries  under 2 year framework contracts,8253840090,464.0,1.0,Supplies,Uganda Heart Institute,Health,2024-04-03 00:00:00,2024-2025
91523,Provision of services for repair of UCC Furniture for One year,10359913,458.0,2.0,Non-Consultancy Services,Uganda Communications Commission,ICT and National Guidance,2024-04-03 00:00:00,2024-2025
91539,Provision of Services for Repair of UCC Furniture for One year,10359913,458.0,2.0,Non-Consultancy Services,Uganda Communications Commission,ICT and National Guidance,2024-04-03 00:00:00,2024-2025
91540,Provision of Services for Repair of UCC Furniture for One year,10359913,458.0,2.0,Non-Consultancy Services,Uganda Communications Commission,ICT and National Guidance,2024-04-03 00:00:00,2024-2025
91558,Supply and  Delivery of Surgical Sundries under Two Year Framework contracts,1299800000,464.0,1.0,Supplies,Uganda Heart Institute,Health,2024-04-03 00:00:00,2024-2025
91560,Supply and delivery of Pediatric  Cath-Lab Sundries under Two Years Framework Contract,8431000000,464.0,1.0,Supplies,Uganda Heart Institute,Health,2024-04-03 00:00:00,2024-2025
91255,Supply of Fox 615 Chassis Basic Modules - Retender,546856500,462.0,1.0,Supplies,Uganda Electricity Transmission Company,Energy and Mineral Development,2024-03-13 00:00:00,2024-2025
91556,Provision of Consultancy services to conduct the telecommunications Market Definition and Market Power Assessment,480000000,458.0,4.0,Consultancy Services,Uganda Communications Commission,ICT and National Guidance,2024-03-07 00:00:00,2024-2025
91484,"Supply, Delivery, Installation of Equipment for Establishment of ICT Laboratories at 30 National Libraries",900000000,458.0,1.0,Supplies,Uganda Communications Commission,ICT and National Guidance,2024-02-13 00:00:00,2024-2025
91554,"Supply,Delivery , Installation of Equipment for Establishment of ICT Laboratories at 30 National Libraries",900000000,458.0,1.0,Supplies,Uganda Communications Commission,ICT and National Guidance,2024-02-13 00:00:00,2024-2025
91366,Construction works for a Toilet Block at Lugogo Yard,44121020,462.0,3.0,Works,Uganda Electricity Transmission Company,Energy and Mineral Development,2024-02-13 00:00:00,2024-2025
91307,Supply and Installation of Vehicle Inspection Ramp,88857028,462.0,1.0,Supplies,Uganda Electricity Transmission Company,Energy and Mineral Development,2023-09-19 00:00:00,2024-2025
91720,Supply of Vehicle Double Cabin Pick-up (01No.) for the Project Implementation Unit (PIU) for Upgrading of Luwero-Butalangu Road (29.72Km) from Gravel to Paved (Bituminous) Standards,166500000,474.0,1.0,Supplies,Uganda National Roads Authority,Works and Transport,2022-11-03 00:00:00,2024-2025
